{"name":"Sentence","identifier":"WR9JFPLM6T","description":null,"slotTypeValues":[{"synonyms":null,"sampleValue":{"value":"I have a problem with my booking."}},{"synonyms":null,"sampleValue":{"value":"The flight was delayed and I need assistance."}},{"synonyms":null,"sampleValue":{"value":"I want to raise a concern about the service."}},{"synonyms":null,"sampleValue":{"value":"My reservation is incorrect and needs to be fixed."}},{"synonyms":null,"sampleValue":{"value":"Can you help me with an issue I am facing?"}},{"synonyms":null,"sampleValue":{"value":"Concern"}},{"synonyms":null,"sampleValue":{"value":"concern"}}],"parentSlotTypeSignature":null,"valueSelectionSetting":{"resolutionStrategy":"ORIGINAL_VALUE","advancedRecognitionSetting":{"audioRecognitionStrategy":"UseSlotValuesAsCustomVocabulary"},"regexFilter":null}}