{"name":"Pages","identifier":"4RCQSQD8OF","description":null,"slotTypeValues":[{"synonyms":null,"sampleValue":{"value":"Dashboard"}},{"synonyms":null,"sampleValue":{"value":"Profile"}},{"synonyms":null,"sampleValue":{"value":"Bookings"}},{"synonyms":null,"sampleValue":{"value":"Accommodations"}},{"synonyms":null,"sampleValue":{"value":"Concerns"}},{"synonyms":null,"sampleValue":{"value":"Analysis"}}],"parentSlotTypeSignature":null,"valueSelectionSetting":{"resolutionStrategy":"TOP_RESOLUTION","regexFilter":null}}